序号,维护时间,维护内容
1,2019-01-10 16:53:56.0,自动化测试：报警描述,
2,2019-01-10 16:50:40.0,自动化测试：报警描述,
3,2019-01-10 16:47:32.0,自动化测试：报警描述,
4,2019-01-09 16:08:38.0,234234,
5,2019-01-10 16:40:52.0,自动化测试：报警描述,
6,2019-01-01 00:00:00.0,123213,
7,2019-01-01 00:00:00.0,JKLJIJI,
8,2019-01-08 00:00:00.0,时代大厦,
9,2018-12-31 00:00:00.0,59859,
10,2019-01-08 00:00:00.0,时代大厦,
11,2019-01-07 15:52:36.0,自动化测试：报警描述,
12,2019-01-07 15:51:25.0,自动化测试：报警描述,
13,2019-01-07 15:49:35.0,6 ,
14,2019-01-07 09:53:51.0,26431,
15,2019-01-07 09:52:58.0,自动化测试：报警描述,
16,2019-01-07 09:51:44.0,515316,
17,2019-01-07 09:51:15.0,3333,
18,2019-01-07 09:48:04.0,自动化测试：报警描述,
19,2018-11-13 00:00:00.0,22,
